{"fx": 617.0274658203125, "coeffs": [0.0, 0.0, 0.0, 0.0, 0.0], "ppy": 232.5185089111328, "model": "distortion.none", "width": 640, "fy": 617.0275268554688, "height": 480, "ppx": 305.1712341308594}