{"fx": 472.4099426269531, "coeffs": [0.13018950819969177, 0.08622245490550995, 0.004359633661806583, 0.0061221858486533165, 0.029115861281752586], "ppy": 245.50515747070312, "model": "distortion.inverse_brown_conrady", "width": 640, "fy": 472.4099426269531, "height": 480, "ppx": 314.8651428222656}