{"finger_links": [38, 39, 41, 43, 44, 46], "score": 1, "finger_config": [0.42000000000000004, 0.42000000000000004, 0.42000000000000004, 0.42000000000000004, 0.42000000000000004, 0.42000000000000004], "ik_constraint": {"posConstraint": "fixed", "endPosition": [-0.03231585750277166, 0.25289773186868725, 0.0908698930252756], "rotConstraint": "fixed", "link": 37, "localPosition": [0.0, 0.0, 0.0], "type": "IKObjective", "endRotation": [1.7860353433544347, 0.20448428350412393, -0.03513652258196731]}}