{"ik_constraint": {"endPosition": [-0.0006371774716879197, -0.18800291404040415, 0.31760520033735334], "endRotation": [-1.7621567840731158, -1.7600450340442364, -0.732811373071665], "link": 37, "posConstraint": "fixed", "localPosition": [0.0, 0.0, 0.0], "type": "IKObjective", "rotConstraint": "fixed"}, "finger_config": [0.36399999999999993, 0.36399999999999993, 0.36399999999999993, 0.36399999999999993, 0.36399999999999993, 0.36399999999999993], "score": 1, "finger_links": [38, 39, 41, 43, 44, 46]}