{"score": 1, "ik_constraint": {"type": "IKObjective", "localPosition": [0.0, 0.0, 0.0], "posConstraint": "fixed", "rotConstraint": "fixed", "endRotation": [3.1015158189679686, -0.018700005570126355, 0.014521717005523009], "link": 37, "endPosition": [0.06169528290648102, 0.009760467455440564, 0.23746929050148774]}, "finger_links": [38, 39, 41, 43, 44, 46], "finger_config": [0.602, 0.602, 0.602, 0.602, 0.602, 0.602]}