{"finger_links": [1, 2, 3, 4, 5, 6, 7, 8], "ik_constraint": {"link": 0, "endRotation": [1.1888343586296561, 1.4027608863515908, 1.2877818928301816], "type": "IKObjective", "rotConstraint": "fixed", "localPosition": [0.0, 0.0, 0.0], "posConstraint": "fixed", "endPosition": [-0.14802831648264975, -0.025807224559815496, 0.04841312779697635]}, "finger_config": [0.33258000000000026, 0.0, 0.33258000000000026, -0.33258000000000026, -0.33258000000000026, 0.33258000000000026, -0.33258000000000026, 0.0], "score": 1}