{"score": 1, "ik_constraint": {"posConstraint": "fixed", "link": 0, "type": "IKObjective", "rotConstraint": "fixed", "endRotation": [0.0, 3.1375941902313, 0.0], "localPosition": [0.0, 0.0, 0.0], "endPosition": [-0.003096797447396852, 0.0006420492180180417, 0.2694128035737919]}, "finger_config": [0.44800000000000006, 0.44800000000000006, 0.44800000000000006, 0.44800000000000006, 0.44800000000000006, 0.44800000000000006], "finger_links": [1, 2, 4, 6, 7, 9]}