{"score": 1, "ik_constraint": {"type": "IKObjective", "localPosition": [0.0, 0.0, 0.0], "posConstraint": "fixed", "rotConstraint": "fixed", "endRotation": [3.0828933089581354, -0.02595574670804319, -0.35456038794694933], "link": 37, "endPosition": [0.11088543357729984, 0.008317709011216678, 0.2092000542952269]}, "finger_links": [38, 39, 41, 43, 44, 46], "finger_config": [0.5599999999999999, 0.5599999999999999, 0.5599999999999999, 0.5599999999999999, 0.5599999999999999, 0.5599999999999999]}