{"score": 1, "ik_constraint": {"posConstraint": "fixed", "link": 0, "type": "IKObjective", "rotConstraint": "fixed", "endRotation": [0.0, 1.5538497484489575, 0.0], "localPosition": [0.0, 0.0, 0.0], "endPosition": [-0.21105936228661215, 0.0, -0.006334460127687767]}, "finger_config": [0.44800000000000006, 0.44800000000000006, 0.44800000000000006, 0.44800000000000006, 0.44800000000000006, 0.44800000000000006], "finger_links": [1, 2, 4, 6, 7, 9]}