{"finger_links": [1, 2, 3, 4, 5, 6, 7, 8], "ik_constraint": {"link": 0, "endRotation": [2.024826426228314, 2.400727704710469, 0.010896146412891999], "type": "IKObjective", "rotConstraint": "fixed", "localPosition": [0.0, 0.0, 0.0], "posConstraint": "fixed", "endPosition": [-0.0004108144263130246, 0.0005081564014104082, 0.2401174795613365]}, "finger_config": [0.33258000000000026, 0.0, 0.33258000000000026, -0.33258000000000026, -0.33258000000000026, 0.33258000000000026, -0.33258000000000026, 0.0], "score": 1}